<?xml version="1.0" encoding="UTF-8"?>
<!DOCTYPE suite SYSTEM "https://testng.org/testng-1.0.dtd">
<suite name="Suite">
  <test thread-count="5" name="ChromeTest">
  
   <parameter name="browser" value="Chrome" />
    <classes>
      <class name="testcases.RedBusTestCase1"/>
    </classes>
    
  </test> <!-- Test -->
  
  
  <test thread-count="5" name="FireFoxTest">
  
   <parameter name="browser" value="Firefox" />
    <classes>
      <class name="testcases.RedBusTestCase1"/>
    </classes>
    
  </test> <!-- Test -->
</suite> <!-- Suite -->
